economic_type,next_type,value,source_name,target_name
0,0,17157,Маркетплейсно-ориентированный,Маркетплейсно-ориентированный
0,1,568,Маркетплейсно-ориентированный,Диверсифицированный сервисный
0,2,1744,Маркетплейсно-ориентированный,Продовольственный
1,0,637,Диверсифицированный сервисный,Маркетплейсно-ориентированный
1,1,9532,Диверсифицированный сервисный,Диверсифицированный сервисный
1,2,106,Диверсифицированный сервисный,Продовольственный
2,0,2950,Продовольственный,Маркетплейсно-ориентированный
2,1,256,Продовольственный,Диверсифицированный сервисный
2,2,15273,Продовольственный,Продовольственный
