type_from,type_from_name,type_to,type_to_name,n_municipalities,date_from,date_to
0,Маркетплейсно-ориентированный,0,Маркетплейсно-ориентированный,166,2023-01-01,2023-02-01
0,Маркетплейсно-ориентированный,1,Диверсифицированный сервисный,3,2023-01-01,2023-02-01
0,Маркетплейсно-ориентированный,2,Продовольственный,8,2023-01-01,2023-02-01
1,Диверсифицированный сервисный,0,Маркетплейсно-ориентированный,17,2023-01-01,2023-02-01
1,Диверсифицированный сервисный,1,Диверсифицированный сервисный,356,2023-01-01,2023-02-01
1,Диверсифицированный сервисный,2,Продовольственный,7,2023-01-01,2023-02-01
2,Продовольственный,0,Маркетплейсно-ориентированный,155,2023-01-01,2023-02-01
2,Продовольственный,1,Диверсифицированный сервисный,7,2023-01-01,2023-02-01
2,Продовольственный,2,Продовольственный,1421,2023-01-01,2023-02-01
0,Маркетплейсно-ориентированный,0,Маркетплейсно-ориентированный,256,2023-02-01,2023-03-01
0,Маркетплейсно-ориентированный,1,Диверсифицированный сервисный,4,2023-02-01,2023-03-01
0,Маркетплейсно-ориентированный,2,Продовольственный,78,2023-02-01,2023-03-01
1,Диверсифицированный сервисный,0,Маркетплейсно-ориентированный,38,2023-02-01,2023-03-01
1,Диверсифицированный сервисный,1,Диверсифицированный сервисный,328,2023-02-01,2023-03-01
2,Продовольственный,0,Маркетплейсно-ориентированный,182,2023-02-01,2023-03-01
2,Продовольственный,1,Диверсифицированный сервисный,56,2023-02-01,2023-03-01
2,Продовольственный,2,Продовольственный,1199,2023-02-01,2023-03-01
0,Маркетплейсно-ориентированный,0,Маркетплейсно-ориентированный,211,2023-03-01,2023-04-01
0,Маркетплейсно-ориентированный,2,Продовольственный,265,2023-03-01,2023-04-01
1,Диверсифицированный сервисный,0,Маркетплейсно-ориентированный,66,2023-03-01,2023-04-01
1,Диверсифицированный сервисный,1,Диверсифицированный сервисный,260,2023-03-01,2023-04-01
1,Диверсифицированный сервисный,2,Продовольственный,60,2023-03-01,2023-04-01
2,Продовольственный,0,Маркетплейсно-ориентированный,25,2023-03-01,2023-04-01
2,Продовольственный,2,Продовольственный,1238,2023-03-01,2023-04-01
0,Маркетплейсно-ориентированный,0,Маркетплейсно-ориентированный,187,2023-04-01,2023-05-01
0,Маркетплейсно-ориентированный,1,Диверсифицированный сервисный,10,2023-04-01,2023-05-01
0,Маркетплейсно-ориентированный,2,Продовольственный,104,2023-04-01,2023-05-01
1,Диверсифицированный сервисный,1,Диверсифицированный сервисный,260,2023-04-01,2023-05-01
2,Продовольственный,0,Маркетплейсно-ориентированный,92,2023-04-01,2023-05-01
2,Продовольственный,2,Продовольственный,1468,2023-04-01,2023-05-01
0,Маркетплейсно-ориентированный,0,Маркетплейсно-ориентированный,252,2023-05-01,2023-06-01
0,Маркетплейсно-ориентированный,1,Диверсифицированный сервисный,3,2023-05-01,2023-06-01
0,Маркетплейсно-ориентированный,2,Продовольственный,24,2023-05-01,2023-06-01
1,Диверсифицированный сервисный,0,Маркетплейсно-ориентированный,6,2023-05-01,2023-06-01
1,Диверсифицированный сервисный,1,Диверсифицированный сервисный,264,2023-05-01,2023-06-01
2,Продовольственный,0,Маркетплейсно-ориентированный,90,2023-05-01,2023-06-01
2,Продовольственный,1,Диверсифицированный сервисный,1,2023-05-01,2023-06-01
2,Продовольственный,2,Продовольственный,1476,2023-05-01,2023-06-01
0,Маркетплейсно-ориентированный,0,Маркетплейсно-ориентированный,203,2023-06-01,2023-07-01
0,Маркетплейсно-ориентированный,1,Диверсифицированный сервисный,107,2023-06-01,2023-07-01
0,Маркетплейсно-ориентированный,2,Продовольственный,38,2023-06-01,2023-07-01
1,Диверсифицированный сервисный,1,Диверсифицированный сервисный,268,2023-06-01,2023-07-01
2,Продовольственный,0,Маркетплейсно-ориентированный,186,2023-06-01,2023-07-01
2,Продовольственный,1,Диверсифицированный сервисный,84,2023-06-01,2023-07-01
2,Продовольственный,2,Продовольственный,1231,2023-06-01,2023-07-01
0,Маркетплейсно-ориентированный,0,Маркетплейсно-ориентированный,326,2023-07-01,2023-08-01
0,Маркетплейсно-ориентированный,1,Диверсифицированный сервисный,18,2023-07-01,2023-08-01
0,Маркетплейсно-ориентированный,2,Продовольственный,42,2023-07-01,2023-08-01
1,Диверсифицированный сервисный,0,Маркетплейсно-ориентированный,3,2023-07-01,2023-08-01
1,Диверсифицированный сервисный,1,Диверсифицированный сервисный,449,2023-07-01,2023-08-01
1,Диверсифицированный сервисный,2,Продовольственный,9,2023-07-01,2023-08-01
2,Продовольственный,0,Маркетплейсно-ориентированный,150,2023-07-01,2023-08-01
2,Продовольственный,1,Диверсифицированный сервисный,13,2023-07-01,2023-08-01
2,Продовольственный,2,Продовольственный,1106,2023-07-01,2023-08-01
0,Маркетплейсно-ориентированный,0,Маркетплейсно-ориентированный,407,2023-08-01,2023-09-01
0,Маркетплейсно-ориентированный,1,Диверсифицированный сервисный,10,2023-08-01,2023-09-01
0,Маркетплейсно-ориентированный,2,Продовольственный,57,2023-08-01,2023-09-01
1,Диверсифицированный сервисный,0,Маркетплейсно-ориентированный,9,2023-08-01,2023-09-01
1,Диверсифицированный сервисный,1,Диверсифицированный сервисный,464,2023-08-01,2023-09-01
1,Диверсифицированный сервисный,2,Продовольственный,8,2023-08-01,2023-09-01
2,Продовольственный,0,Маркетплейсно-ориентированный,133,2023-08-01,2023-09-01
2,Продовольственный,1,Диверсифицированный сервисный,33,2023-08-01,2023-09-01
2,Продовольственный,2,Продовольственный,984,2023-08-01,2023-09-01
0,Маркетплейсно-ориентированный,0,Маркетплейсно-ориентированный,519,2023-09-01,2023-10-01
0,Маркетплейсно-ориентированный,1,Диверсифицированный сервисный,7,2023-09-01,2023-10-01
0,Маркетплейсно-ориентированный,2,Продовольственный,21,2023-09-01,2023-10-01
1,Диверсифицированный сервисный,0,Маркетплейсно-ориентированный,51,2023-09-01,2023-10-01
1,Диверсифицированный сервисный,1,Диверсифицированный сервисный,454,2023-09-01,2023-10-01
1,Диверсифицированный сервисный,2,Продовольственный,1,2023-09-01,2023-10-01
2,Продовольственный,0,Маркетплейсно-ориентированный,330,2023-09-01,2023-10-01
2,Продовольственный,2,Продовольственный,719,2023-09-01,2023-10-01
0,Маркетплейсно-ориентированный,0,Маркетплейсно-ориентированный,886,2023-10-01,2023-11-01
0,Маркетплейсно-ориентированный,1,Диверсифицированный сервисный,9,2023-10-01,2023-11-01
0,Маркетплейсно-ориентированный,2,Продовольственный,2,2023-10-01,2023-11-01
1,Диверсифицированный сервисный,0,Маркетплейсно-ориентированный,41,2023-10-01,2023-11-01
1,Диверсифицированный сервисный,1,Диверсифицированный сервисный,417,2023-10-01,2023-11-01
2,Продовольственный,0,Маркетплейсно-ориентированный,368,2023-10-01,2023-11-01
2,Продовольственный,2,Продовольственный,368,2023-10-01,2023-11-01
0,Маркетплейсно-ориентированный,0,Маркетплейсно-ориентированный,997,2023-11-01,2023-12-01
0,Маркетплейсно-ориентированный,2,Продовольственный,300,2023-11-01,2023-12-01
1,Диверсифицированный сервисный,0,Маркетплейсно-ориентированный,139,2023-11-01,2023-12-01
1,Диверсифицированный сервисный,1,Диверсифицированный сервисный,287,2023-11-01,2023-12-01
2,Продовольственный,0,Маркетплейсно-ориентированный,22,2023-11-01,2023-12-01
2,Продовольственный,2,Продовольственный,346,2023-11-01,2023-12-01
0,Маркетплейсно-ориентированный,0,Маркетплейсно-ориентированный,751,2023-12-01,2024-01-01
0,Маркетплейсно-ориентированный,1,Диверсифицированный сервисный,128,2023-12-01,2024-01-01
0,Маркетплейсно-ориентированный,2,Продовольственный,274,2023-12-01,2024-01-01
1,Диверсифицированный сервисный,1,Диверсифицированный сервисный,285,2023-12-01,2024-01-01
2,Продовольственный,0,Маркетплейсно-ориентированный,87,2023-12-01,2024-01-01
2,Продовольственный,2,Продовольственный,528,2023-12-01,2024-01-01
0,Маркетплейсно-ориентированный,0,Маркетплейсно-ориентированный,774,2024-01-01,2024-02-01
0,Маркетплейсно-ориентированный,1,Диверсифицированный сервисный,64,2024-01-01,2024-02-01
0,Маркетплейсно-ориентированный,2,Продовольственный,3,2024-01-01,2024-02-01
1,Диверсифицированный сервисный,0,Маркетплейсно-ориентированный,4,2024-01-01,2024-02-01
1,Диверсифицированный сервисный,1,Диверсифицированный сервисный,418,2024-01-01,2024-02-01
2,Продовольственный,0,Маркетплейсно-ориентированный,384,2024-01-01,2024-02-01
2,Продовольственный,1,Диверсифицированный сервисный,7,2024-01-01,2024-02-01
2,Продовольственный,2,Продовольственный,416,2024-01-01,2024-02-01
0,Маркетплейсно-ориентированный,0,Маркетплейсно-ориентированный,966,2024-02-01,2024-03-01
0,Маркетплейсно-ориентированный,1,Диверсифицированный сервисный,21,2024-02-01,2024-03-01
0,Маркетплейсно-ориентированный,2,Продовольственный,177,2024-02-01,2024-03-01
1,Диверсифицированный сервисный,0,Маркетплейсно-ориентированный,69,2024-02-01,2024-03-01
1,Диверсифицированный сервисный,1,Диверсифицированный сервисный,422,2024-02-01,2024-03-01
2,Продовольственный,0,Маркетплейсно-ориентированный,72,2024-02-01,2024-03-01
2,Продовольственный,2,Продовольственный,345,2024-02-01,2024-03-01
0,Маркетплейсно-ориентированный,0,Маркетплейсно-ориентированный,934,2024-03-01,2024-04-01
0,Маркетплейсно-ориентированный,1,Диверсифицированный сервисный,59,2024-03-01,2024-04-01
0,Маркетплейсно-ориентированный,2,Продовольственный,122,2024-03-01,2024-04-01
1,Диверсифицированный сервисный,0,Маркетплейсно-ориентированный,40,2024-03-01,2024-04-01
1,Диверсифицированный сервисный,1,Диверсифицированный сервисный,402,2024-03-01,2024-04-01
2,Продовольственный,0,Маркетплейсно-ориентированный,117,2024-03-01,2024-04-01
2,Продовольственный,2,Продовольственный,406,2024-03-01,2024-04-01
0,Маркетплейсно-ориентированный,0,Маркетплейсно-ориентированный,906,2024-04-01,2024-05-01
0,Маркетплейсно-ориентированный,1,Диверсифицированный сервисный,25,2024-04-01,2024-05-01
0,Маркетплейсно-ориентированный,2,Продовольственный,160,2024-04-01,2024-05-01
1,Диверсифицированный сервисный,0,Маркетплейсно-ориентированный,23,2024-04-01,2024-05-01
1,Диверсифицированный сервисный,1,Диверсифицированный сервисный,438,2024-04-01,2024-05-01
1,Диверсифицированный сервисный,2,Продовольственный,1,2024-04-01,2024-05-01
2,Продовольственный,0,Маркетплейсно-ориентированный,57,2024-04-01,2024-05-01
2,Продовольственный,2,Продовольственный,472,2024-04-01,2024-05-01
0,Маркетплейсно-ориентированный,0,Маркетплейсно-ориентированный,866,2024-05-01,2024-06-01
0,Маркетплейсно-ориентированный,1,Диверсифицированный сервисный,38,2024-05-01,2024-06-01
0,Маркетплейсно-ориентированный,2,Продовольственный,79,2024-05-01,2024-06-01
1,Диверсифицированный сервисный,0,Маркетплейсно-ориентированный,12,2024-05-01,2024-06-01
1,Диверсифицированный сервисный,1,Диверсифицированный сервисный,451,2024-05-01,2024-06-01
2,Продовольственный,0,Маркетплейсно-ориентированный,191,2024-05-01,2024-06-01
2,Продовольственный,2,Продовольственный,441,2024-05-01,2024-06-01
0,Маркетплейсно-ориентированный,0,Маркетплейсно-ориентированный,958,2024-06-01,2024-07-01
0,Маркетплейсно-ориентированный,1,Диверсифицированный сервисный,44,2024-06-01,2024-07-01
0,Маркетплейсно-ориентированный,2,Продовольственный,68,2024-06-01,2024-07-01
1,Диверсифицированный сервисный,0,Маркетплейсно-ориентированный,6,2024-06-01,2024-07-01
1,Диверсифицированный сервисный,1,Диверсифицированный сервисный,485,2024-06-01,2024-07-01
2,Продовольственный,0,Маркетплейсно-ориентированный,114,2024-06-01,2024-07-01
2,Продовольственный,2,Продовольственный,404,2024-06-01,2024-07-01
0,Маркетплейсно-ориентированный,0,Маркетплейсно-ориентированный,1056,2024-07-01,2024-08-01
0,Маркетплейсно-ориентированный,1,Диверсифицированный сервисный,9,2024-07-01,2024-08-01
0,Маркетплейсно-ориентированный,2,Продовольственный,18,2024-07-01,2024-08-01
1,Диверсифицированный сервисный,0,Маркетплейсно-ориентированный,50,2024-07-01,2024-08-01
1,Диверсифицированный сервисный,1,Диверсифицированный сервисный,482,2024-07-01,2024-08-01
1,Диверсифицированный сервисный,2,Продовольственный,1,2024-07-01,2024-08-01
2,Продовольственный,0,Маркетплейсно-ориентированный,322,2024-07-01,2024-08-01
2,Продовольственный,2,Продовольственный,146,2024-07-01,2024-08-01
0,Маркетплейсно-ориентированный,0,Маркетплейсно-ориентированный,1364,2024-08-01,2024-09-01
0,Маркетплейсно-ориентированный,1,Диверсифицированный сервисный,15,2024-08-01,2024-09-01
0,Маркетплейсно-ориентированный,2,Продовольственный,48,2024-08-01,2024-09-01
1,Диверсифицированный сервисный,0,Маркетплейсно-ориентированный,18,2024-08-01,2024-09-01
1,Диверсифицированный сервисный,1,Диверсифицированный сервисный,479,2024-08-01,2024-09-01
2,Продовольственный,0,Маркетплейсно-ориентированный,33,2024-08-01,2024-09-01
2,Продовольственный,2,Продовольственный,132,2024-08-01,2024-09-01
0,Маркетплейсно-ориентированный,0,Маркетплейсно-ориентированный,1296,2024-09-01,2024-10-01
0,Маркетплейсно-ориентированный,1,Диверсифицированный сервисный,11,2024-09-01,2024-10-01
0,Маркетплейсно-ориентированный,2,Продовольственный,105,2024-09-01,2024-10-01
1,Диверсифицированный сервисный,0,Маркетплейсно-ориентированный,6,2024-09-01,2024-10-01
1,Диверсифицированный сервисный,1,Диверсифицированный сервисный,487,2024-09-01,2024-10-01
2,Продовольственный,0,Маркетплейсно-ориентированный,11,2024-09-01,2024-10-01
2,Продовольственный,2,Продовольственный,173,2024-09-01,2024-10-01
0,Маркетплейсно-ориентированный,0,Маркетплейсно-ориентированный,1298,2024-10-01,2024-11-01
0,Маркетплейсно-ориентированный,1,Диверсифицированный сервисный,16,2024-10-01,2024-11-01
0,Маркетплейсно-ориентированный,2,Продовольственный,1,2024-10-01,2024-11-01
1,Диверсифицированный сервисный,0,Маркетплейсно-ориентированный,15,2024-10-01,2024-11-01
1,Диверсифицированный сервисный,1,Диверсифицированный сервисный,483,2024-10-01,2024-11-01
2,Продовольственный,0,Маркетплейсно-ориентированный,230,2024-10-01,2024-11-01
2,Продовольственный,2,Продовольственный,48,2024-10-01,2024-11-01
0,Маркетплейсно-ориентированный,0,Маркетплейсно-ориентированный,1438,2024-11-01,2024-12-01
0,Маркетплейсно-ориентированный,1,Диверсифицированный сервисный,19,2024-11-01,2024-12-01
0,Маркетплейсно-ориентированный,2,Продовольственный,85,2024-11-01,2024-12-01
1,Диверсифицированный сервисный,0,Маркетплейсно-ориентированный,25,2024-11-01,2024-12-01
1,Диверсифицированный сервисный,1,Диверсифицированный сервисный,476,2024-11-01,2024-12-01
2,Продовольственный,2,Продовольственный,48,2024-11-01,2024-12-01
