date,n_municipalities,n_clusters,modularity,n_edges,n_components
2023-01-01,2143,20,0.7913782380339727,14016,1
2023-02-01,2141,20,0.7899608555337703,14100,1
2023-03-01,2149,18,0.79490658303179,14065,1
2023-04-01,2129,19,0.801494984334972,13975,1
2023-05-01,2121,20,0.8076874055484652,13926,1
2023-06-01,2119,20,0.8077635567015652,13927,1
2023-07-01,2126,20,0.8112087778112368,13966,1
2023-08-01,2118,20,0.8025345829548131,13859,1
2023-09-01,2109,18,0.8044696499705017,13888,1
2023-10-01,2103,19,0.8066798525773005,13754,1
2023-11-01,2093,19,0.8145309026901048,13738,1
2023-12-01,2103,18,0.811700926983303,13772,1
2024-01-01,2072,20,0.8001522092287822,13600,1
2024-02-01,2078,18,0.8025239304066607,13656,1
2024-03-01,2083,20,0.8015833842605108,13664,1
2024-04-01,2087,17,0.8033596710456811,13719,1
2024-05-01,2085,19,0.8030775755975526,13690,1
2024-06-01,2084,20,0.8062710731099365,13681,1
2024-07-01,2089,18,0.810980128160337,13679,1
2024-08-01,2094,19,0.8080628022774603,13787,1
2024-09-01,2100,19,0.8102291261013458,13808,1
2024-10-01,2092,17,0.8075867674226553,13693,1
2024-11-01,2100,17,0.8017851498622034,13769,1
2024-12-01,2103,20,0.814475227164535,13757,1
