date,cluster,food_share,health_share,marketplaces_share,catering_share,transport_share,n_municipalities
2023-01-01,0,0.6500205596610034,0.08740022953594524,0.09674682645183004,0.059353720458952236,0.10647866389226912,173
2023-01-01,1,0.7144870573689726,0.07205207741232313,0.1091158526724935,0.030463745477150007,0.07388126706906073,160
2023-01-01,2,0.6835369536229636,0.07451527287005434,0.10752139883577064,0.051112817397085925,0.08331355727412534,49
2023-01-01,3,0.6322225743057701,0.07607752474710762,0.11835608268784135,0.0435803083448571,0.1297635099144238,98
2023-01-01,4,0.6807990357993359,0.07851012289736346,0.11551149376662567,0.02531204844501177,0.0998672990916632,94
2023-01-01,5,0.7399595901509439,0.07185253588850066,0.06587521409290682,0.029744614823175086,0.09256804504447357,165
2023-01-01,6,0.6637386679534044,0.07954305015933155,0.1518616793813569,0.03275302664063641,0.07210357586527079,72
2023-01-01,7,0.6164040545591113,0.10193215943485832,0.15645870442488632,0.02679729300016519,0.09840778858097893,30
2023-01-01,8,0.6151081509623395,0.08051056188292081,0.19342189217796207,0.024292218221368764,0.08666717675540887,177
2023-01-01,9,0.6801867381034221,0.08063311421190723,0.13250022742690648,0.023889387982471023,0.08279053227529312,101
2023-01-01,10,0.624702387462916,0.0739008063109847,0.17302066483306397,0.0463118168753649,0.08206432451767046,73
2023-01-01,11,0.6575369866629965,0.06965541464639483,0.174511521354427,0.024404548387842614,0.07389152894833904,65
2023-01-01,12,0.6469516635086304,0.08500311240616762,0.14676830401428392,0.02727499665284364,0.09400192341807437,142
2023-01-01,13,0.633397872253518,0.07504827859198071,0.14586549117406175,0.0632931209393946,0.08239523704104505,100
2023-01-01,14,0.6919514594798601,0.0646798167162471,0.1523344384059683,0.023000885157757906,0.06803340024016659,82
2023-01-01,15,0.5487022288771559,0.09134407782788508,0.1369154593402994,0.1091392763455185,0.11389895760914104,118
2023-01-01,16,0.6615509468163345,0.08245417779845161,0.12493719693055974,0.047670054346614976,0.08338762410803906,71
2023-01-01,17,0.5992557322708563,0.08644002719544107,0.11771797543002056,0.08725837831164711,0.10932788679203498,110
2023-01-01,18,0.5133198761347061,0.10245092007612738,0.13010290600730032,0.1368503126568149,0.11727598512505132,116
2023-01-01,19,0.5477687425671106,0.08844377057143113,0.17575164052481076,0.07370028756655246,0.114335558770095,147
2023-02-01,0,0.7144117108320572,0.07758945268319349,0.10187866566211548,0.025514188006455565,0.08060598281617826,176
2023-02-01,1,0.6716443830333884,0.07989791363472154,0.14530238762788153,0.02016814249146566,0.08298717321254295,61
2023-02-01,2,0.6388042654959015,0.08518495448732845,0.11997808523768856,0.06065573300115107,0.09537696177793037,153
2023-02-01,3,0.6599581406514216,0.08299643551156359,0.10413561921225586,0.0422699630962337,0.1106398415285253,200
2023-02-01,4,0.6905698614252765,0.07415489070833506,0.13319843002158183,0.024892561734640956,0.07718425611016562,163
2023-02-01,5,0.6007352807423068,0.07999071943179864,0.21140861010634812,0.023150351531837393,0.08471503818770904,83
2023-02-01,6,0.6457069117572588,0.08326368029587124,0.1623709121575516,0.022447288259158104,0.08621120753016023,88
2023-02-01,7,0.7789682994823581,0.06257730599456598,0.05406557767867777,0.032211847387630825,0.07217696945676723,80
2023-02-01,8,0.552151689797708,0.08960553091695736,0.1891901493224565,0.0656732293718079,0.10337940059107026,98
2023-02-01,9,0.6197649304111835,0.07648848938169937,0.18190494576835883,0.04182448631844038,0.08001714812031785,72
2023-02-01,10,0.6417678905610157,0.07302795521334114,0.19548522381738673,0.022025055242152713,0.0676938751661038,102
2023-02-01,11,0.6197896976797379,0.09198477842508626,0.1753840202865764,0.02433774706736982,0.08850375654122966,81
2023-02-01,12,0.668618424469716,0.073459569486737,0.16459906462150053,0.024075027227276762,0.06924791419476968,156
2023-02-01,13,0.5988566005307097,0.08824251551117994,0.13037443889904138,0.08001577684895546,0.10251066821011358,103
2023-02-01,14,0.629374513481802,0.07756357347523117,0.16207331121694094,0.05676033283119021,0.07422826899483571,105
2023-02-01,15,0.6599469963195311,0.07582074060607892,0.14646246491527118,0.04597696798708572,0.07179283017203303,54
2023-02-01,16,0.5375742549646039,0.0930755509123339,0.15680892124328502,0.10016965887348682,0.11237161400629042,128
2023-02-01,17,0.4998255294973694,0.10983193218348,0.13228202196874192,0.14332246188669795,0.11473805446371074,68
2023-02-01,18,0.5344211853791235,0.10059062935006595,0.1357820605499116,0.11836800039997725,0.1108381243209217,72
2023-02-01,19,0.6608780526726173,0.08213947885472345,0.13272511091612535,0.03648308550536756,0.08777427205116624,98
2023-03-01,0,0.6252676657344916,0.09019544265969656,0.17381506847163394,0.022739274486732894,0.08798254864744501,77
2023-03-01,1,0.6816174422045369,0.07997732707605275,0.10320287813916695,0.050111421787003146,0.08509093079324023,126
2023-03-01,2,0.7097263071646182,0.0769945593458806,0.11663514509946142,0.02176487631850205,0.07487911207153777,135
2023-03-01,3,0.6715115411050208,0.08378852176842781,0.1580669654269723,0.021040782015146992,0.06559218968443216,77
2023-03-01,4,0.5828082305033513,0.09220473988039316,0.12166441698261792,0.10051407462206921,0.10280853801156836,73
2023-03-01,5,0.7560047735494747,0.06732316656910235,0.07076020630071703,0.03412125437219501,0.07179059920851084,159
2023-03-01,6,0.6501810458833162,0.07457613579454185,0.15994902393657925,0.047521882622228284,0.06777191176333454,66
2023-03-01,7,0.6189688498024101,0.0768501258672682,0.18393505847288583,0.04249873525252395,0.07774723060491201,174
2023-03-01,8,0.6982962061552059,0.0676394389937794,0.14609145327612535,0.023259910710129502,0.06471299086475973,94
2023-03-01,9,0.6692400929977564,0.07681779701519108,0.13893474973744654,0.03186855486203201,0.08313880538757401,190
2023-03-01,10,0.6288908378111917,0.0748955129308617,0.20567406360365306,0.02019281405283327,0.07034677160146031,125
2023-03-01,11,0.6658971078178347,0.0680908393058782,0.17813605405580102,0.02440374115738471,0.06347225766310136,107
2023-03-01,12,0.6545625604108024,0.0733262603239324,0.16775429652890353,0.023022477488939902,0.08133440524742183,55
2023-03-01,13,0.6473315671492821,0.08160044085467652,0.11234738129654248,0.05694408086765507,0.10177652983184389,196
2023-03-01,14,0.594234448945687,0.08476416423015765,0.22585179591722618,0.018742665512108184,0.07640692539482101,50
2023-03-01,15,0.5029416643460787,0.10646468263846219,0.1478360837909837,0.13005196249987455,0.11270560672460099,135
2023-03-01,16,0.5377102035079743,0.09186442733851333,0.1768316143981984,0.0862892084609244,0.10730454629438953,181
2023-03-01,17,0.5995206635285473,0.08143197001313532,0.15893968913610634,0.06937686947575973,0.09073080784645134,129
2023-04-01,0,0.6978837348602754,0.07054431880998262,0.10040070370544765,0.04519983015686463,0.08597141246742962,168
2023-04-01,1,0.686211020689301,0.06676977229571267,0.15349682124756664,0.015704950346186023,0.07781743542123364,60
2023-04-01,2,0.6749803479460853,0.06911369635928734,0.1440381836208467,0.040169845246311196,0.07169792682746949,60
2023-04-01,3,0.6465712211964814,0.07543060183087884,0.1715741540754322,0.01623282580138579,0.09019119709582185,61
2023-04-01,4,0.6756622817666883,0.0641645680810632,0.17452880050627317,0.02183397472901443,0.06381037491696095,132
2023-04-01,5,0.7147741786944037,0.06707065353213552,0.12272618395076931,0.020320722616153097,0.07510826120653832,100
2023-04-01,6,0.7497666720537469,0.06380387479370495,0.08573637581151373,0.028670331710225913,0.0720227456308085,178
2023-04-01,7,0.8335935787346629,0.04623900437214306,0.0388238034139838,0.02522039562868769,0.05612321785052261,44
2023-04-01,8,0.6729197319436763,0.07178313343093917,0.13735426611207122,0.025993799133287563,0.09194906938002577,144
2023-04-01,9,0.581172670360494,0.07579367540260751,0.16984269570140947,0.06727373705709469,0.10591722147839426,121
2023-04-01,10,0.734705796011283,0.06111333175620896,0.13022418732790994,0.015040858475842004,0.05891582642875608,80
2023-04-01,11,0.6329124708967905,0.06640153671287216,0.21096073295248044,0.01971515223380549,0.07001010720405135,181
2023-04-01,12,0.6574658572742461,0.07551371541861207,0.11957438784689459,0.051275245004074724,0.09617079445617255,113
2023-04-01,13,0.6388598555467062,0.07028438346310838,0.1671103216687654,0.04808335813458182,0.07566208118683815,194
2023-04-01,14,0.7055939567752809,0.06270104409217922,0.15051093610362948,0.021129529657238237,0.06006453337167217,131
2023-04-01,15,0.6061650810502616,0.08332655077472692,0.1174890810146633,0.0871526776212703,0.10586660953907799,102
2023-04-01,16,0.51016901501061,0.09732357818541747,0.1613796348224085,0.11129275494232924,0.11983501703923487,80
2023-04-01,17,0.5380714631267804,0.09155844703037813,0.14888349640598914,0.10618877954330892,0.1152978138935434,115
2023-04-01,18,0.48854633613641807,0.11017251584186236,0.1356017556929194,0.14667339235238036,0.11900599997641984,65
2023-05-01,0,0.8145418760651776,0.04692162870139917,0.03566759819337685,0.034931369080339364,0.06793752795970703,60
2023-05-01,1,0.6407062410729664,0.06568514769134004,0.142284517011974,0.06418497539772958,0.08713911882599006,122
2023-05-01,2,0.6492067105019734,0.06892132496265418,0.16375893274694558,0.040216007089366665,0.07789702469906014,65
2023-05-01,3,0.7090364523697288,0.06307628146395766,0.1148619810330304,0.03459312048204122,0.07843216465124198,120
2023-05-01,4,0.7297514969472533,0.05927219655512057,0.12775431631408812,0.017796225782998863,0.06542576440053927,153
2023-05-01,5,0.5761697147812445,0.07061026466776124,0.18398447063124143,0.0681405357232013,0.1010950141965516,127
2023-05-01,6,0.6807895850704468,0.06763811956295439,0.11877601900795495,0.044828683331655364,0.08796759302698846,188
2023-05-01,7,0.6683843821935932,0.0585744689082494,0.1956409187380103,0.02013927418561027,0.05726095597453688,86
2023-05-01,8,0.7474904519235527,0.06137581365831954,0.08768454239001373,0.029055313670643863,0.0743938783574702,185
2023-05-01,9,0.628453641896547,0.06326103714245795,0.20089191644201534,0.03167075752509538,0.07572264699388433,152
2023-05-01,10,0.6579804424869261,0.06297808272473994,0.13623618865567685,0.03443859746148447,0.10836668867117272,45
2023-05-01,11,0.670362708001491,0.06776598643286412,0.16763330614900837,0.01916540554192502,0.07507259387471148,87
2023-05-01,12,0.6450316118576883,0.07198088293507374,0.18672612646795167,0.01762869533036482,0.07863268340892152,102
2023-05-01,13,0.7034702092380799,0.05624424068036075,0.16834157889148943,0.01982337873888785,0.05212059245118201,77
2023-05-01,14,0.6816434340225122,0.05469656733934899,0.1629218774217944,0.03291973183748193,0.06781838937886256,45
2023-05-01,15,0.603884293688891,0.07872771664911771,0.11756115756264852,0.09231433204167751,0.10751250005766531,92
2023-05-01,16,0.6949741945896858,0.06418869452119742,0.14823083468159096,0.017652712053212748,0.07495356415431313,145
2023-05-01,17,0.540305967620296,0.08412648552285985,0.15411583485268157,0.10602504266801561,0.1154266693361469,125
2023-05-01,18,0.4929172596876228,0.10252715934797475,0.13520220904315264,0.1511693018084033,0.11818407011284655,66
2023-05-01,19,0.505931303488887,0.09408213402472249,0.16109109453961726,0.11905605666865952,0.11983941127811369,79
2023-06-01,0,0.7078225401465101,0.05480510909178414,0.15337478921305095,0.022106021391218176,0.061891540157436566,102
2023-06-01,1,0.7684004136968842,0.05279914292517644,0.07956362904981065,0.02843224624011714,0.07080456808801154,187
2023-06-01,2,0.7259677510500216,0.054255909666473506,0.13351711554040097,0.018768898752047687,0.06749032499105617,141
2023-06-01,3,0.6998552459206313,0.05866856503835186,0.13235556641456725,0.028184128002063588,0.08093649462438594,72
2023-06-01,4,0.6880377501022462,0.06341247791779023,0.09460500515757435,0.04141547081286222,0.11252929600952699,69
2023-06-01,5,0.7184843092368004,0.05955492559811291,0.10223807493858861,0.04295879064117509,0.07676389958532302,135
2023-06-01,6,0.6781345711797994,0.06383365074896567,0.11819803009122236,0.060929325640607386,0.07890442233940524,83
2023-06-01,7,0.6810131777933043,0.063234368618132,0.14741204315469017,0.02973778324638139,0.07860262718749214,104
2023-06-01,8,0.6883173875978902,0.05631635741117808,0.17085026273773937,0.022474137455850092,0.06204185479734233,110
2023-06-01,9,0.629782546401622,0.06034155610322878,0.18857213047601942,0.045188072844195654,0.07611569417493408,60
2023-06-01,10,0.6638100672023551,0.0578177523151338,0.19392789407827443,0.018873359122904162,0.06557092728133244,117
2023-06-01,11,0.6479797646814778,0.06650304818188736,0.1258115508490445,0.06628539345279309,0.0934202428347972,92
2023-06-01,12,0.5891818106886351,0.06693563439117678,0.16721689562455033,0.07561232302621258,0.10105333626942527,161
2023-06-01,13,0.6538091925094566,0.06001683396248932,0.16014388039949723,0.0407236750805488,0.08530641804800806,152
2023-06-01,14,0.6720798795009123,0.06399034551830973,0.16849683749058136,0.01563148433500538,0.07980145315519122,39
2023-06-01,15,0.6157468577425158,0.06310057152677144,0.2138355207860127,0.02486876685039075,0.08244828309430932,127
2023-06-01,16,0.6051779023247568,0.07372730276902778,0.11723308510095296,0.09548603151240571,0.1083756782928568,100
2023-06-01,17,0.4899165363340856,0.09836487454538403,0.1366519365644047,0.15294280946284555,0.12212384309328012,76
2023-06-01,18,0.5332083503896634,0.08343380946062263,0.14643569032557316,0.1178893037789097,0.11903284604523111,154
2023-06-01,19,0.4895916670352158,0.08782254041276169,0.20083417805767012,0.0942503359328461,0.12750127856150634,38
2023-07-01,0,0.6642668102332873,0.0554808682388729,0.12854947618045154,0.039689982810473194,0.1120128625369151,78
2023-07-01,1,0.5897146286292594,0.07089311697904818,0.12529939573307403,0.10079913361035887,0.11329372504825952,97
2023-07-01,2,0.713136309704208,0.05528050479064753,0.12948322613851865,0.023084115295507312,0.07901584407111845,88
2023-07-01,3,0.7224742838075144,0.04606826432261922,0.14885409564518268,0.020167891666265748,0.0624354645584179,56
2023-07-01,4,0.7550864891499557,0.05339180627485546,0.0909743095483371,0.028788340869018523,0.07175905415783328,170
2023-07-01,5,0.6844038980477741,0.04893773832884545,0.18044520830608407,0.022727919482494082,0.06348523583480226,108
2023-07-01,6,0.6381662963662249,0.06532908700300426,0.18936945340029335,0.020773374606170382,0.08636178862430714,76
2023-07-01,7,0.693233429934777,0.05566366181541919,0.1573048008490055,0.023477123536162985,0.07032098386463542,109
2023-07-01,8,0.6093426816559571,0.06150090717434116,0.18648391562751893,0.052204873035905,0.0904676225062778,120
2023-07-01,9,0.6367179479298968,0.06324261448162448,0.1313096462069853,0.07552004625272657,0.0932097451287669,190
2023-07-01,10,0.7005890586611777,0.05833067378476437,0.09626343618531254,0.051011484655484406,0.09380534671326102,191
2023-07-01,11,0.6776657617861844,0.05785183494542333,0.1440956365915569,0.03997030214244746,0.08041646453438776,120
2023-07-01,12,0.6540583517455715,0.05696697338720034,0.168486945873899,0.04843722621429215,0.07205050277903703,87
2023-07-01,13,0.6627126297697227,0.06254505329554784,0.16508357087720493,0.022765389036386634,0.08689335702113794,76
2023-07-01,14,0.6008481085024082,0.0560439428616112,0.2356191424893589,0.02666350173625254,0.08082530441036906,65
2023-07-01,15,0.64688485539806,0.054116166874938226,0.20728039489041486,0.024768817653956773,0.06694976518263025,130
2023-07-01,16,0.5602648939064706,0.06617314677172496,0.17227891113675495,0.08705785457883905,0.1142251936062104,89
2023-07-01,17,0.5296863498369815,0.0782093274393339,0.15070275200497799,0.11888331198615981,0.1225182587325468,116
2023-07-01,18,0.49354910517657147,0.08402410294821416,0.1832215317135521,0.11142059501505891,0.12778466514660333,92
2023-07-01,19,0.48202180804564293,0.09576443171533187,0.13905798024574856,0.15825813778561115,0.12489764220766544,68
2023-08-01,0,0.6614178967877088,0.06773505025148208,0.11541512202340276,0.06831219077519775,0.08711974016220873,138
2023-08-01,1,0.6594915799813865,0.06216931546176829,0.17904087365545257,0.02399178087831612,0.07530645002307651,104
2023-08-01,2,0.6607410118494842,0.060429368935236316,0.14831251840027554,0.030392000091970284,0.10012510072303357,135
2023-08-01,3,0.7244563456888099,0.0545228900875386,0.12995153374773885,0.02105411395465959,0.07001511652125308,86
2023-08-01,4,0.6137921633427039,0.06634968920641374,0.14698427608765474,0.07596360963843232,0.09691026172479518,123
2023-08-01,5,0.7335698282332732,0.062060521052112134,0.08158075952608021,0.03991835693134473,0.08287053425718972,151
2023-08-01,6,0.6658485395314944,0.051314222736330344,0.20781732353408994,0.018931289852534387,0.056088624345550946,43
2023-08-01,7,0.6937043620729383,0.06088393692121636,0.13108414171481156,0.03420778889964154,0.0801197703913923,123
2023-08-01,8,0.6905475060282292,0.05401434205954829,0.16637039424566488,0.023860882541032306,0.06520687512552524,124
2023-08-01,9,0.6381343135668749,0.06588542792775445,0.19862158610887978,0.02024518632391744,0.07711348607257337,97
2023-08-01,10,0.529039921014392,0.07572648629433715,0.19618457174021836,0.07973733277463232,0.1193116881764201,121
2023-08-01,11,0.5728507520523628,0.07329818773389948,0.14089915860601152,0.09918583982446603,0.11376606178326018,105
2023-08-01,12,0.6023163431314091,0.06808130595231643,0.19513356876750598,0.04492669174912707,0.08954209039964145,153
2023-08-01,13,0.6210612765828191,0.05801809568178174,0.17219487696148114,0.03462326231054691,0.11410248846337112,61
2023-08-01,14,0.6074164694774481,0.05852340573799019,0.23518932591224537,0.02660703304695512,0.0722637658253612,125
2023-08-01,15,0.6475863437992142,0.0689717844749652,0.11669728320867279,0.04769614186217199,0.11904844665497584,46
2023-08-01,16,0.6415240119427869,0.06507088862923792,0.17180523081405177,0.04427189723813587,0.07732797137578758,127
2023-08-01,17,0.4693799709879639,0.10066893310093344,0.14589395135258548,0.1571341594865046,0.12692298507201252,69
2023-08-01,18,0.4961796745577995,0.08602376394964638,0.1685388064505395,0.12179507850991245,0.1274626765321022,109
2023-08-01,19,0.522071006484346,0.08151878252482163,0.15185362389983537,0.11982250443368662,0.12473408265731036,78
2023-09-01,0,0.6466471837556161,0.0656123658802016,0.16280917754629456,0.02866731410419453,0.09626395871369316,87
2023-09-01,1,0.7129407158691222,0.06007259781369811,0.1399373033128973,0.020203528002529357,0.06684585500175307,136
2023-09-01,2,0.7393506154294163,0.06162794681341352,0.07575499450328052,0.04146587093278788,0.0818005723211018,146
2023-09-01,3,0.674397275003531,0.06947430934439032,0.12214799636176107,0.039018362023317585,0.0949620572670001,136
2023-09-01,4,0.6752856601892898,0.06695399146490019,0.14849586392375388,0.026710715454301693,0.0825537689677544,126
2023-09-01,5,0.6236274248451498,0.07224512809471682,0.1435629246247874,0.06524798989991273,0.09531653253543328,165
2023-09-01,6,0.5714938574105687,0.06304923976440646,0.27272722224695095,0.024001065194021384,0.06872861538405256,36
2023-09-01,7,0.5366947939801461,0.07347984572415682,0.19754092094577974,0.08011765804519799,0.11216678130471934,107
2023-09-01,8,0.4581655876874628,0.08832053245046914,0.24389307706300317,0.08350285481171371,0.12611794798735115,57
2023-09-01,9,0.6774364753321208,0.0591938333266261,0.176709323146431,0.022566588899915,0.06409377929490703,115
2023-09-01,10,0.5985755509118408,0.06865333705918752,0.1980261872912337,0.04755208896936724,0.08719283576837071,180
2023-09-01,11,0.6445476558107778,0.0687373854779147,0.1839684489421238,0.027048722891639464,0.07569778687754428,141
2023-09-01,12,0.5694947979733929,0.0781915618702841,0.15585118568652573,0.0886850361208716,0.10777741834892576,119
2023-09-01,13,0.6480343191548129,0.060404293986872304,0.20956670260963361,0.02196868382249569,0.06002600042618547,101
2023-09-01,14,0.60583463070177,0.06912911700063579,0.22597246546940147,0.024175552449158026,0.0748882343790348,233
2023-09-01,15,0.49160980808082233,0.09053107439304878,0.1680785289125797,0.12992491116767593,0.11985567744587326,53
2023-09-01,16,0.4647120193808849,0.10071912192997905,0.1585222309242642,0.15450535608475102,0.12154127168012087,69
2023-09-01,17,0.5114269799996818,0.08370023682243012,0.1714996526143304,0.11410299218068332,0.11927013838287444,102
2023-10-01,0,0.6445253412567605,0.07462901450485614,0.1401011799755427,0.04148278149709946,0.09926168276574118,105
2023-10-01,1,0.6920822377843097,0.06803891597624943,0.12199677492732179,0.037876901269231385,0.0800051700428877,141
2023-10-01,2,0.5952276847094451,0.06932669527175911,0.24629629350205204,0.01835158927690295,0.07079773723984077,186
2023-10-01,3,0.6090220699474853,0.07183515957908049,0.21516861656502975,0.03007558879613728,0.07389856511226714,99
2023-10-01,4,0.7573313521961657,0.05970135242099388,0.07962454408093292,0.03282034076157056,0.07052241054033702,89
2023-10-01,5,0.5500486218471161,0.08174203978025092,0.1704057387137558,0.08852681846477316,0.10927678119410399,81
2023-10-01,6,0.6555982111676353,0.06449832198677571,0.16870536700393082,0.03368010685828749,0.07751799298337064,126
2023-10-01,7,0.627827196519241,0.06860672078149144,0.18922031908913445,0.030615907448328688,0.08372985616180449,129
2023-10-01,8,0.6587512843720494,0.06260700795571295,0.19670328014314212,0.019595536520629463,0.06234289100846601,155
2023-10-01,9,0.5993646496756999,0.07260398694945372,0.1610012843023127,0.06199491773079748,0.10503516134173613,139
2023-10-01,10,0.6332558869205664,0.06332685908884132,0.22175032353032542,0.021354616873046038,0.060312313587220806,128
2023-10-01,11,0.3764954645444029,0.10975016593119494,0.3230283946982875,0.060382135544943115,0.13034383928117158,10
2023-10-01,12,0.5155184982018276,0.07557806297906955,0.23123769058597085,0.06797677758493237,0.1096889706481996,114
2023-10-01,13,0.5826384032286775,0.07034548366967622,0.20164837563046678,0.05721526882528561,0.08815246864589388,74
2023-10-01,14,0.5582803509090202,0.061974106832382574,0.287324448442195,0.02271626942510206,0.06970482439130009,71
2023-10-01,15,0.6945102049268634,0.059876904919037355,0.16324342217217402,0.019661669525182675,0.06270779845674249,126
2023-10-01,16,0.5684695615471946,0.06995631362596744,0.23184526748342837,0.04796835674502137,0.08176050059838827,74
2023-10-01,17,0.46629236276284153,0.09728341616292219,0.18996589663107127,0.12524307525915962,0.12121524918400535,153
2023-10-01,18,0.5001435732829088,0.08632424189339669,0.1929927993197555,0.10346062347170068,0.11707876203223835,103
2023-11-01,0,0.7336668635661513,0.05849155903689387,0.10168920395922479,0.030463763877365664,0.07568860956036431,92
2023-11-01,1,0.6700412614341559,0.06654587749577617,0.1624896180615375,0.030321053245835155,0.07060218976269537,205
2023-11-01,2,0.2981895901578817,0.10159518047913416,0.46520849426762934,0.05447530020293445,0.08053143489242032,2
2023-11-01,3,0.6079263035521101,0.07091835299599226,0.1769819636928166,0.043176572158785474,0.10099680760029556,144
2023-11-01,4,0.5551027016755654,0.0679600631900169,0.2592490392036371,0.039273540550281094,0.07841465538049947,130
2023-11-01,5,0.5065640188243464,0.08265228445691931,0.2102824691573449,0.09436044992758462,0.10614077763380474,104
2023-11-01,6,0.6728860740931775,0.05658566205829773,0.19821882739685284,0.017180385846729866,0.055129050604942005,73
2023-11-01,7,0.5083824254260164,0.07088014382708856,0.2508877020984366,0.06464905281034827,0.1052006758381101,91
2023-11-01,8,0.6066363412995253,0.059142833390713676,0.25833765013103255,0.01795707879284447,0.05792609638588406,92
2023-11-01,9,0.6354273154322497,0.05871470468527672,0.23364022429618686,0.018084564275508173,0.05413319131077857,123
2023-11-01,10,0.612957468741377,0.06572457261623707,0.2243095806122953,0.02527374742712881,0.07173463060296177,136
2023-11-01,11,0.5871287653122863,0.06984716867507956,0.2426901634846359,0.030679145786379227,0.06965475674161897,138
2023-11-01,12,0.5341399378770979,0.06776790477514959,0.3084011803732367,0.021030898293782792,0.06866007868073294,81
2023-11-01,13,0.6404510421543423,0.06388572917867309,0.2064008087880642,0.021273692509749895,0.06798872736917046,135
2023-11-01,14,0.5749095997291604,0.07193555459077731,0.20863642330060486,0.06124527768728512,0.08327314469217222,186
2023-11-01,15,0.5784829181190285,0.06283398145001821,0.2830251029730469,0.01623499116057898,0.05942300629732739,132
2023-11-01,16,0.4365757404183467,0.08354932306689983,0.29815140582910843,0.06992066992736079,0.11180286075828422,54
2023-11-01,17,0.4439541435666581,0.10081642594834665,0.2127201705579991,0.1323526260086757,0.11015663391832047,70
2023-11-01,18,0.4713438487936595,0.08747085048643957,0.23174886154313942,0.10232525374288948,0.10711118543387203,105
2023-12-01,0,0.37163945747968147,0.09359880615073758,0.38319053788478136,0.044336418539318384,0.10723477994548121,10
2023-12-01,1,0.7414373541398119,0.05509010704364881,0.10476212339025762,0.030650025038530187,0.06806039038775145,153
2023-12-01,2,0.692864844143068,0.05895125915779933,0.16070950026996164,0.021061037450631002,0.06641335897853998,143
2023-12-01,3,0.639581752761687,0.061277214540083044,0.16885825683131034,0.05009484502293709,0.08018793084398246,110
2023-12-01,4,0.6532625831445658,0.06222906377465986,0.18715686753018537,0.02503887284406871,0.07231261270652023,142
2023-12-01,5,0.6876927941611177,0.05440789664566457,0.18993080165399526,0.013652235494303819,0.054316272044918686,102
2023-12-01,6,0.5655742355259116,0.07060233284524331,0.19819012883802495,0.07076076171736942,0.0948725410734508,104
2023-12-01,7,0.6221901692856185,0.05713063919319356,0.24870401020300234,0.015530483792663259,0.056444697525522294,156
2023-12-01,8,0.619558103501092,0.06150704174988906,0.22124809192909267,0.027829294295469716,0.06985746852445662,130
2023-12-01,9,0.6037602257742182,0.06382287073007668,0.19665596558859222,0.056879479254624055,0.07888145865248881,121
2023-12-01,10,0.581917170716747,0.059010912780763126,0.28456955687255153,0.016629865043265364,0.0578724945866729,190
2023-12-01,11,0.649253696470661,0.053099725561731245,0.23275629399583442,0.016932179611917807,0.04795810435985558,116
2023-12-01,12,0.5892152601499168,0.06632740598066202,0.24641381806596824,0.029500279611500677,0.06854323619195232,124
2023-12-01,13,0.6638706813067832,0.05312665101587564,0.20881479843356054,0.015540690904842086,0.05864717833893858,162
2023-12-01,14,0.5266463143653706,0.07763969922798646,0.20883763083184623,0.09075654058060241,0.09611981499419436,55
2023-12-01,15,0.4947962288246307,0.07771787465295639,0.2486671006715149,0.07929250781958988,0.09952628803130815,121
2023-12-01,16,0.4850530811491361,0.09112595117553657,0.20630076040865944,0.11617784033077107,0.1013423669358968,102
2023-12-01,17,0.5346383112834373,0.0664226995891169,0.2471312306015838,0.05939031672752127,0.09241744179834072,62
2024-01-01,0,0.7283527837826989,0.06327259564436413,0.12408246220517079,0.02415379564148887,0.060138362726277435,157
2024-01-01,1,0.6089440689566245,0.07481910034635221,0.1559372076244789,0.04449469741589586,0.1158049256566486,128
2024-01-01,2,0.6540778092985052,0.07471018043961548,0.16715531775726947,0.03687969375575904,0.06717699874885089,51
2024-01-01,3,0.6802064753642346,0.06856233238018077,0.17435045884237352,0.0167443890341197,0.060136344379091315,127
2024-01-01,4,0.6729183322469862,0.07164905088998509,0.12921956953160246,0.04118158181519855,0.08503146551622776,113
2024-01-01,5,0.5914551703628267,0.07776405864232236,0.16789785895838794,0.07058356064051721,0.09229935139594583,142
2024-01-01,6,0.5910589174004994,0.0707083913565776,0.2082209484022584,0.051053689469192254,0.07895805337147228,159
2024-01-01,7,0.5732170402504836,0.08111555014624786,0.2476815714314867,0.01946327451571124,0.07852256365607055,93
2024-01-01,8,0.6166122003182971,0.06461006262648482,0.24060452278122824,0.020750609828052203,0.05742260444593763,150
2024-01-01,9,0.6104793261720458,0.07973912007715973,0.2219449082844249,0.015584391732383756,0.0722522537339858,79
2024-01-01,10,0.6278617827571498,0.07710776986088719,0.1844278443629002,0.03644104235778103,0.07416156066128186,105
2024-01-01,11,0.6311190661183714,0.07291961027559658,0.20716733444247354,0.019396609430004576,0.06939737973355387,113
2024-01-01,12,0.6468766427807726,0.07726172907149743,0.17993325270659605,0.01881313052530619,0.07711524491582773,95
2024-01-01,13,0.4699130554982979,0.10039120889950931,0.1729547115727675,0.14305094181614494,0.11369008221328038,72
2024-01-01,14,0.49695295293314756,0.09136390548437745,0.18028722941726202,0.12093102248528781,0.1104648896799252,58
2024-01-01,15,0.5374484892251633,0.07694524142799244,0.19867207267784495,0.07940588641051255,0.10752831025848669,74
2024-01-01,16,0.517893090649283,0.08371502890213267,0.1786492846467968,0.11051650238586161,0.10922609341592596,72
2024-01-01,17,0.47295472640606195,0.09104961537806328,0.24044613722809527,0.08185713949077666,0.11369238149700284,105
2024-01-01,18,0.6611501434794116,0.06142987400562144,0.19837370837985438,0.020218435915586315,0.058827838219526314,136
2024-01-01,19,0.5481084602185117,0.08886360480832405,0.15490805162073742,0.09663802007752124,0.11148186327490558,43
2024-02-01,0,0.4221210330740096,0.09684222741181138,0.3284336623277654,0.049130290013987714,0.10347278717242593,27
2024-02-01,1,0.7279067925849486,0.060248052962361215,0.10762367494343926,0.03526170908876059,0.06895977042049037,106
2024-02-01,2,0.5400340370594181,0.0858696406190163,0.1703468869401997,0.09100180722837302,0.11274762815299288,42
2024-02-01,3,0.6152230272915802,0.07569550410932299,0.22354247700716265,0.0197992569669278,0.06573973462500637,123
2024-02-01,4,0.5730998984468448,0.07185378912367722,0.2724609335961708,0.01763268953066796,0.06495268930263923,154
2024-02-01,5,0.6120876061523898,0.0761272562136599,0.1646041426204235,0.05287563038173485,0.094305364631792,171
2024-02-01,6,0.5877360389891045,0.07186015361257747,0.20874663887582848,0.04628961894451209,0.08536754957797743,112
2024-02-01,7,0.4983733976482846,0.0852411355448696,0.22620471064916478,0.08267719434691953,0.1075035618107615,112
2024-02-01,8,0.5816914478390324,0.0690087653242158,0.23956451194659853,0.04398656071130292,0.06574871417885034,79
2024-02-01,9,0.639895732901795,0.06997237600328272,0.19342717319317834,0.026803292813617364,0.06990142508812651,152
2024-02-01,10,0.6137363065726588,0.06661266737234353,0.249104511297792,0.017313216149678737,0.05323329860752706,159
2024-02-01,11,0.6784861532224585,0.07019924856583155,0.16237916153126503,0.026020019289758063,0.06291541739068676,147
2024-02-01,12,0.6408865175717302,0.06436902120429078,0.21887022847598386,0.020792353414945952,0.05508187933304919,148
2024-02-01,13,0.6686866710708343,0.06324306741944646,0.19454541715295992,0.01718856600455399,0.0563362783522053,166
2024-02-01,14,0.6115653280979425,0.06967324403357032,0.20954503696289178,0.042579140233398746,0.06663725067219663,70
2024-02-01,15,0.5554820177484394,0.07759302494936106,0.20452266315168305,0.06937159624350599,0.09303069790701043,103
2024-02-01,16,0.4700995680925376,0.10411770344267837,0.18328317953423737,0.13648969806178407,0.10600985086876259,97
2024-02-01,17,0.504194480908823,0.08949024832842581,0.19379070780596344,0.11045547543853107,0.10206908751825672,110
2024-03-01,0,0.6748531734377925,0.06081484263961637,0.19268830860121336,0.017419625068115698,0.05422405025326205,106
2024-03-01,1,0.7923761134245321,0.045459810783588406,0.06707820388656013,0.037999938674241514,0.05708593323107785,24
2024-03-01,2,0.6694937013301061,0.05866236366193489,0.061379542915927135,0.07971832070770708,0.1307460713843248,5
2024-03-01,3,0.663138803420619,0.06555021806387498,0.17338223407750794,0.0290437824862144,0.06888496195178355,86
2024-03-01,4,0.7076212362807195,0.05931714715011488,0.1461064016337992,0.026937371290263242,0.06001784364510319,145
2024-03-01,5,0.582051571279524,0.06707909408632144,0.2426615216174202,0.04186619061760361,0.06634162239913079,78
2024-03-01,6,0.560567379332896,0.0784758872995852,0.18147763999879626,0.08562619365699621,0.09385289971172626,104
2024-03-01,7,0.6319824951880227,0.06852000846064306,0.1726029116917825,0.04223986125724152,0.08465472340231016,158
2024-03-01,8,0.5975004255546805,0.07141547085706952,0.18342449289489635,0.06401861766574891,0.08364099302760472,137
2024-03-01,9,0.6146721008268718,0.06739315640889441,0.21713990334927671,0.04492997990290696,0.055864859512050107,94
2024-03-01,10,0.4910647762146542,0.08051584766227307,0.2557520396377326,0.07032688010572032,0.10234045637961978,106
2024-03-01,11,0.5890208069913173,0.07563199330896016,0.24834540601562802,0.0162777163052182,0.07072407737887626,147
2024-03-01,12,0.5596458110572491,0.06796729823620588,0.289344103608158,0.020312034890458932,0.06273075220792802,65
2024-03-01,13,0.6447174723658146,0.05714441587519898,0.2219257120756484,0.023651823509290876,0.05256057617404717,150
2024-03-01,14,0.6306411555483413,0.07157725799964935,0.2127564320362094,0.021658279201930492,0.06336687521386951,91
2024-03-01,15,0.6472908227269047,0.06717537072398186,0.19864346428274743,0.020152355154651108,0.06673798711171477,126
2024-03-01,16,0.6164329051744972,0.060324373018954804,0.25226680895964104,0.01856962233251529,0.05240629051439165,157
2024-03-01,17,0.5497142537215047,0.07327104820691492,0.21953877824289483,0.0658179688765096,0.09165795095217587,70
2024-03-01,18,0.4645347421029835,0.10378369754514145,0.18332679024699902,0.14381425150180535,0.10454051860307072,78
2024-03-01,19,0.49590696493197883,0.08942157539345709,0.1995749306655351,0.1120424874094545,0.10305404159957444,156
2024-04-01,0,0.608309916265062,0.06356702315008445,0.2484618365288737,0.01865690734163193,0.06100431671434783,179
2024-04-01,1,0.6613412147684065,0.06044596301320161,0.20274850515410622,0.020935852651548726,0.05452846441273702,179
2024-04-01,2,0.6511996472160912,0.06873050773608835,0.16040206481992603,0.03954124664991748,0.0801265335779769,121
2024-04-01,3,0.6218295247752892,0.06592748744361697,0.21086263508864203,0.027114016354918904,0.07426633633753287,83
2024-04-01,4,0.7906355141355562,0.04284809315490228,0.06768169538729849,0.04153643785585502,0.05729825946638801,26
2024-04-01,5,0.6973982275677014,0.0601348218386503,0.15341921549859847,0.02607625356191263,0.06297148153313716,207
2024-04-01,6,0.5936397268035817,0.07321848432110775,0.17598605282880322,0.06946724225454673,0.08768849379196055,141
2024-04-01,7,0.6441156175197638,0.055406093809039755,0.23636141466085855,0.013304263130996629,0.05081261087934126,77
2024-04-01,8,0.589302569682642,0.06509332590882337,0.22181653706425364,0.04875298830472626,0.07503457903955467,156
2024-04-01,9,0.49043008151215617,0.08014381776596242,0.24918460390377487,0.07405893788609871,0.10618255893200783,101
2024-04-01,10,0.5464844688770023,0.07528151090947248,0.1989741258072001,0.07749466652936045,0.1017652278769646,130
2024-04-01,11,0.6402772869235991,0.05974028454315761,0.212914360947388,0.01906793236293496,0.06800013522292031,107
2024-04-01,12,0.6260737843466762,0.06415100458080829,0.22807140455220862,0.02460499058106785,0.057098815939239114,84
2024-04-01,13,0.6304401016633083,0.06820413091021502,0.18886132521145146,0.036190461447195135,0.07630398076783007,126
2024-04-01,14,0.5777848736792934,0.06546829822205294,0.26750401969501764,0.019695412920832392,0.06954739548280357,139
2024-04-01,15,0.46614891844291234,0.10000604247891803,0.18907026284631281,0.13150117009079174,0.11327360614106506,150
2024-04-01,16,0.5047758721322942,0.08811942412082424,0.18871938575888852,0.1090797738380308,0.10930554414996217,81
2024-05-01,0,0.63381175064007,0.06012837287974013,0.22034229450326695,0.023025052799890925,0.06269252917703201,119
2024-05-01,1,0.6868635766904369,0.05383898670005211,0.18805689605557743,0.0173769583212549,0.05386358223267863,140
2024-05-01,2,0.6647376978164576,0.0566657009274951,0.18430139491278166,0.019559015066903447,0.07473619127636216,63
2024-05-01,3,0.6584505749678853,0.05630407557826834,0.19733542237105733,0.026028573650134296,0.061881353432654766,110
2024-05-01,4,0.8313098090791401,0.03453537336502097,0.058965279817997915,0.02738565667280165,0.04780388106503936,13
2024-05-01,5,0.7078271551236326,0.053565420493755504,0.13997179934365792,0.03241659994795871,0.06621902509099523,211
2024-05-01,6,0.6563301602487404,0.053198080013597715,0.22578660079936236,0.01410736903964094,0.050577789898658645,87
2024-05-01,7,0.5984874120308687,0.06120063581554535,0.25681133449004245,0.017947628695084927,0.06555298896845854,154
2024-05-01,8,0.5816884391054904,0.062769193941468,0.22645324618772122,0.051558131009109415,0.07753098975621091,130
2024-05-01,9,0.6239837543464153,0.054021822467430786,0.23907276870753882,0.02399684054242566,0.058924813936189445,115
2024-05-01,10,0.6426117558244049,0.0612839748151769,0.20333696733082768,0.021121781611046032,0.07164552041854456,107
2024-05-01,11,0.5099194388283612,0.06960993218364608,0.2489920099163291,0.07072998797286749,0.10074863109879609,93
2024-05-01,12,0.6058673143754072,0.06655498342032058,0.16828764007399388,0.07146542940098927,0.08782463272928903,117
2024-05-01,13,0.5614633426084495,0.07096795684845843,0.18022865444984992,0.08590966062949561,0.10143038546374644,105
2024-05-01,14,0.6518877368110243,0.06418172287403423,0.16014479909462323,0.03902038539441929,0.08476535582589893,97
2024-05-01,15,0.6224760930522069,0.0611855820711336,0.19507192436974655,0.04526936229654455,0.07599703821036836,158
2024-05-01,16,0.5154826672304587,0.07854930476887578,0.18253969579657983,0.11294898632925889,0.11047934587482679,75
2024-05-01,17,0.48851493766468396,0.08331359792097329,0.20262788105909,0.11325664583988222,0.1122869375153705,127
2024-05-01,18,0.46129214475263325,0.09819972871093471,0.1743265163268207,0.15357919005538234,0.11260242015422901,64
2024-06-01,0,0.6555164821268046,0.05736209092630364,0.14931446061102824,0.039983471479180556,0.09782349485668303,78
2024-06-01,1,0.6773848790669613,0.05042337376788814,0.18930179543222003,0.021307687759154637,0.061582263973775926,171
2024-06-01,2,0.7334354042815349,0.045496136627818484,0.13665541107960247,0.02724917868175815,0.05716386932928603,90
2024-06-01,3,0.6074324819734852,0.05867236496567146,0.1710184137090262,0.07151248886952762,0.09136425048228948,134
2024-06-01,4,0.6736912903919507,0.04456413421210169,0.2152172465887648,0.01801526901284238,0.04851205979434039,63
2024-06-01,5,0.6451980639070174,0.0491856795385657,0.22580048166307845,0.021195916215102632,0.0586198586762358,128
2024-06-01,6,0.6201908368233326,0.05350261660587484,0.24176196512688228,0.019341502999683697,0.06520307844422656,168
2024-06-01,7,0.5598383891255766,0.06761748365644561,0.17018119405233761,0.09660958489597446,0.10575334826966573,90
2024-06-01,8,0.6373322405605368,0.056072588454095025,0.17925587122913275,0.05179225477346105,0.07554704498277436,70
2024-06-01,9,0.6189039904340199,0.05602403580177483,0.2117397756998827,0.04356619237909966,0.0697660056852229,106
2024-06-01,10,0.6487528916870691,0.05088067334277354,0.1951715514563135,0.035634387708830075,0.06956049580501385,151
2024-06-01,11,0.5316036870833358,0.0631726817385732,0.22916068712520624,0.07574069148577824,0.10032225256710652,128
2024-06-01,12,0.5833562427776189,0.05883952801794597,0.22056866315322068,0.05716547497226647,0.08007009107894798,130
2024-06-01,13,0.6422699115998035,0.0572291376536038,0.20501873194884662,0.019299550513743505,0.07618266828400257,70
2024-06-01,14,0.689145534810087,0.05340462079258802,0.14667254517136177,0.03987416290252915,0.070903136323434,112
2024-06-01,15,0.5904064871064097,0.05552850882852297,0.25882696669627825,0.028503592673245846,0.06673444469554309,122
2024-06-01,16,0.4971657526573074,0.07481820020393658,0.1965238925020947,0.11501114912707579,0.11648100550958558,127
2024-06-01,17,0.42427985569421584,0.08356105665603909,0.2917159942998629,0.07854518110121274,0.12189791224866948,15
2024-06-01,18,0.4538145876714267,0.0935454067478274,0.1719074741887812,0.16187971344277308,0.11885281794919167,65
2024-06-01,19,0.4868091171183879,0.0822938236187785,0.18001217969988761,0.1352034247693066,0.11568145479363934,66
2024-07-01,0,0.5575675466583708,0.06558543123898582,0.17812339993857623,0.09471604434987435,0.10400757781419273,121
2024-07-01,1,0.6447672776849172,0.05123715703295583,0.2206780050339248,0.026042473996115593,0.057275086252086584,181
2024-07-01,2,0.6917767032696767,0.050516089674242634,0.1590084710862716,0.029833185108071276,0.06886555086173783,202
2024-07-01,3,0.6419912506706198,0.0561376121841045,0.1717694727863529,0.044464956774683526,0.0856367075842393,131
2024-07-01,4,0.6208796814593343,0.056070792867536454,0.2265317045734846,0.02558651853499934,0.0709313025646454,108
2024-07-01,5,0.596103825185698,0.06063329031558698,0.17675948635097324,0.06940546513079256,0.09709793301694922,154
2024-07-01,6,0.6098601875847799,0.05308937938274541,0.25001291508768797,0.022978776981222644,0.06405874096356413,164
2024-07-01,7,0.45270382500402084,0.07758544106440231,0.261316794609183,0.09035717292066646,0.11803676640172735,76
2024-07-01,8,0.6310601630040698,0.054800065892368306,0.19536373050165035,0.041423820951421615,0.07735221965049006,114
2024-07-01,9,0.637573922933141,0.05343612476320308,0.2050186459840388,0.022223175316390453,0.08174813100322667,102
2024-07-01,10,0.6825698448686491,0.052358223120719936,0.09528121300723699,0.08013463352103838,0.08965608548235555,38
2024-07-01,11,0.5888645484831723,0.05709112884261799,0.22157916465432775,0.05468109977078336,0.07778405824909869,149
2024-07-01,12,0.6676299545049768,0.052046440126798175,0.19180381807151323,0.023322023390337957,0.06519776390637382,102
2024-07-01,13,0.5764307139134456,0.05319824171837649,0.27347576141814595,0.02725907006986939,0.06963621288016265,111
2024-07-01,14,0.5308008938101156,0.063031800721497,0.2147887634424452,0.08487921934508783,0.10649932268085435,116
2024-07-01,15,0.4992781041233481,0.07335144024055558,0.18839387615497158,0.11913775246256827,0.11983882701855642,93
2024-07-01,16,0.4792707495452099,0.08179309003980029,0.18307909828546579,0.13568585439484793,0.12017120773467613,67
2024-07-01,17,0.44635858615249613,0.09410210622541268,0.17463211944839901,0.1624736738479241,0.12243351432576813,60
2024-08-01,0,0.535976961893359,0.06932912489998443,0.19137471017362176,0.0953595137970748,0.10795968923596,110
2024-08-01,1,0.4315848834495508,0.07387951440855078,0.2965519010986448,0.0836228504916214,0.11436085055163221,69
2024-08-01,2,0.6627290709443746,0.05578734103401568,0.1445045608222013,0.05386972132055665,0.0831093058788518,165
2024-08-01,3,0.5828173369004129,0.06217082328377416,0.19134087751149148,0.0686676732298808,0.09500328907444057,115
2024-08-01,4,0.580349307963778,0.05897424201075781,0.25286127179164986,0.02228828610527835,0.08552689212853588,38
2024-08-01,5,0.6255408215449231,0.04950682641488105,0.2367309447754557,0.024711106539633626,0.06351030072510648,166
2024-08-01,6,0.6536705014980896,0.0510653021650211,0.2049654377916921,0.022769467543523533,0.06752929100167362,142
2024-08-01,7,0.569966452690212,0.0572580908531174,0.2663770060559229,0.03542718754128081,0.07097126285946698,156
2024-08-01,8,0.6125027808141454,0.05809950379599293,0.19662732760096258,0.0434823276432784,0.08928806014562067,102
2024-08-01,9,0.552740485117404,0.05307846195237148,0.3009388613584499,0.025004838619243384,0.06823735295253121,133
2024-08-01,10,0.5470903212094467,0.05939849630759136,0.2379537322919917,0.06450731713829864,0.09105013305267162,148
2024-08-01,11,0.5974058856401032,0.05340697707905774,0.267535893449859,0.020631456280451838,0.06101978755052819,114
2024-08-01,12,0.5886662847020196,0.059242623746224535,0.21982121702858667,0.05620205108593936,0.07606782343722975,95
2024-08-01,13,0.6107145298062203,0.05677322487860012,0.2260273337001222,0.02772245943357366,0.0787624521814837,162
2024-08-01,14,0.5994019664859735,0.05672154631093269,0.24656439711944048,0.03693267547732675,0.06037941460632661,60
2024-08-01,15,0.43846618993531106,0.09397393851028286,0.18044105870104066,0.16271610660145902,0.12440270625190633,74
2024-08-01,16,0.46591477679462057,0.08120432015169195,0.19517694369942468,0.13498230330988711,0.12272165604437564,70
2024-08-01,17,0.4861960017773984,0.0762082947905083,0.19482551491845196,0.12162872413490149,0.12114146437873986,92
2024-08-01,18,0.5021926860440348,0.06507322861242361,0.22289496405295453,0.09320119527109816,0.11663792601948897,83
2024-09-01,0,0.533094109926148,0.05979658519423397,0.3067293453679577,0.027498061893602356,0.07288189761805794,116
2024-09-01,1,0.4812591626922539,0.07505773394663123,0.23806804106574056,0.09120216045621281,0.11441290183916152,139
2024-09-01,2,0.5962331775140072,0.07190072450478853,0.2243432851022852,0.030257400692384293,0.07726541218653477,70
2024-09-01,3,0.639966268693464,0.05748808681794825,0.21810800622912815,0.024188372130719813,0.06024926612873979,94
2024-09-01,4,0.39504800644395477,0.07868007382156546,0.35669800255511597,0.06313486566655678,0.10643905151280705,28
2024-09-01,5,0.4733040141422382,0.08255111181815754,0.2075780899409013,0.11953129101729441,0.11703549308140855,112
2024-09-01,6,0.5733473685326758,0.07251285503117441,0.18309738999571598,0.07447254857810745,0.0965698378623264,80
2024-09-01,7,0.5783630149892524,0.06577395320800694,0.25698939922962477,0.028644192563688647,0.07022944000942723,173
2024-09-01,8,0.6113790150761744,0.059658563023906944,0.24494674041587952,0.02163426871991255,0.06238141276412655,135
2024-09-01,9,0.6735949311385024,0.05970394514451497,0.1566115500418335,0.038020366681432514,0.07206920699371659,186
2024-09-01,10,0.5976495008261858,0.05909740937148767,0.2681617710087688,0.017799282018137866,0.057292036775419906,83
2024-09-01,11,0.6138846803958653,0.06255624592136882,0.2217092437684187,0.022181670702386032,0.0796681592119612,81
2024-09-01,12,0.5627104930820463,0.06614112895217027,0.2820765510694264,0.021397464221334355,0.06767436267502255,123
2024-09-01,13,0.542490204369834,0.062744044317259,0.265387741548411,0.05790006460511465,0.07147794515938131,53
2024-09-01,14,0.5287013593754525,0.07598435434384529,0.20588166786299245,0.08605428423281604,0.10337833418489382,106
2024-09-01,15,0.5814247804858826,0.06533962735735126,0.22284194303110716,0.044910333113751616,0.08548331601190731,128
2024-09-01,16,0.6156245567355831,0.06739395883095882,0.19216555006268576,0.03880845060991735,0.0860074837608549,145
2024-09-01,17,0.5488276693232208,0.06999445908553119,0.23310524769478252,0.05714287249401439,0.09092975140245113,138
2024-09-01,18,0.44451327421666825,0.09654770166785431,0.19190061915760137,0.14881472456083514,0.11822368039704093,110
2024-10-01,0,0.5578218556972603,0.07358627918720066,0.20657980044286106,0.06356226282638387,0.09844980184629411,113
2024-10-01,1,0.6241116624141221,0.05856137691476209,0.2400226956551735,0.01969527911610358,0.05760898589983874,90
2024-10-01,2,0.41393628888489453,0.08242578330564108,0.31041669198109517,0.0802987178111614,0.11292251801720783,68
2024-10-01,3,0.4815823530025888,0.07366951850224238,0.2565818748972571,0.08232306461961757,0.10584318897829421,87
2024-10-01,4,0.6505953656268556,0.06201264637822174,0.1803844625311766,0.03404097039056283,0.0729665550731832,278
2024-10-01,5,0.5841098982417995,0.06858029203677245,0.2202987107866066,0.04630973602215136,0.08070136291267016,124
2024-10-01,6,0.5673280344333206,0.06764066556102731,0.27108490956368175,0.033952129720355204,0.05999426072161515,103
2024-10-01,7,0.604591639428143,0.06489118056024397,0.22736077484108205,0.029428747967586096,0.0737276572029449,85
2024-10-01,8,0.5602826339925208,0.06684826308078369,0.28817131791866174,0.019927146913462934,0.06477063809457086,156
2024-10-01,9,0.595828391143334,0.06033866279519343,0.26705662270245084,0.0209803595614753,0.05579596379754645,178
2024-10-01,10,0.5239560561686311,0.0768067694789169,0.22401038241320154,0.07717536834717557,0.09805142359207486,86
2024-10-01,11,0.529707488982083,0.06392774381826552,0.3144880076562068,0.02360637695386266,0.068270382589582,188
2024-10-01,12,0.5392757208040981,0.06912631917410446,0.2602111965170825,0.04975103053116378,0.0816357329735511,148
2024-10-01,13,0.5803827771845013,0.06562608041295488,0.24783764720086487,0.0240791790472063,0.0820743161544727,131
2024-10-01,14,0.42628621519411225,0.1064752432548862,0.19975267173171826,0.1507573685951822,0.1167285012241011,62
2024-10-01,15,0.4629010633917374,0.09067637877239562,0.21382788670742597,0.11920600567343653,0.11338866545500448,137
2024-10-01,16,0.5024343973344023,0.08407417976155727,0.2034784256271229,0.09629061921070209,0.11372237806621538,58
2024-11-01,0,0.3814615026613383,0.0756136232814999,0.39606850795389387,0.05236134315498486,0.09449502294828303,33
2024-11-01,1,0.5909194159916422,0.0637189131553309,0.23966869373448824,0.033644135534552505,0.07204884158398607,127
2024-11-01,2,0.5652121836607126,0.06648758294694361,0.2634728129061729,0.03173503841195141,0.07309238207421957,138
2024-11-01,3,0.6363246562197266,0.058279178715037676,0.21667293202436705,0.02447263701775642,0.06425059602311235,194
2024-11-01,4,0.686707085660806,0.05059693559024987,0.12789119527847012,0.053909718622485545,0.08089506484798857,51
2024-11-01,5,0.5961238421271068,0.05829445086881924,0.2700742218165585,0.019424572498481944,0.05608291268903354,135
2024-11-01,6,0.5265383449902412,0.06320541328342053,0.29014210069895824,0.04656989659183116,0.0735442444355488,146
2024-11-01,7,0.5579542027401576,0.06977344141858527,0.22958245245372327,0.05327785417767377,0.08941204920986005,193
2024-11-01,8,0.6116438969173766,0.061479652842580945,0.24757397443134732,0.021678910654736695,0.057623565153958486,71
2024-11-01,9,0.4659272012396352,0.07332800699384734,0.2813907633940618,0.07402372259975078,0.10533030577270477,111
2024-11-01,10,0.5791609348298221,0.05643043056762017,0.29341385791671526,0.02056218112049667,0.05043259556534576,117
2024-11-01,11,0.5633363431323778,0.06563075116328035,0.2845412817358821,0.01667507819249135,0.0698165457759684,70
2024-11-01,12,0.5172209275453281,0.07602059059418798,0.23511398368591702,0.07715665355791246,0.09448784461665435,109
2024-11-01,13,0.5295499544587404,0.060867041627473036,0.3322080337797298,0.017859110658024903,0.05951585947603183,232
2024-11-01,14,0.551569455376116,0.06345277169698196,0.2985431346664703,0.02224907530598414,0.06418556295444751,124
2024-11-01,15,0.4697941393689155,0.08094963964091177,0.2365565345812888,0.1028208381222393,0.10987884828664461,128
2024-11-01,16,0.4398941155888672,0.09663010795522867,0.22303383639014138,0.13105392935143984,0.10938801071432291,121
2024-12-01,0,0.39236255577274964,0.06422292881094424,0.4085686787114545,0.05035195691016551,0.08449387979468602,34
2024-12-01,1,0.6196458204215534,0.04968314070467331,0.267802960229538,0.014266305265262487,0.04860177337897288,119
2024-12-01,2,0.803721585585127,0.03502343657670555,0.07413885396838484,0.03848983591002141,0.04862628795976118,15
2024-12-01,3,0.576125098977616,0.05847994038752044,0.23341157519921713,0.04879489832570241,0.0831884871099441,134
2024-12-01,4,0.6052116819730907,0.05565083668532035,0.23357374592150368,0.03195701553403739,0.07360671988604786,144
2024-12-01,5,0.6021021235350555,0.04726954259788807,0.2869921495946895,0.01475432069460075,0.048881863577766214,60
2024-12-01,6,0.5746783878096271,0.046974628070387416,0.2939186626869102,0.015220960142289965,0.06920736129078534,32
2024-12-01,7,0.6693635007397148,0.05028683012206112,0.1784700125571958,0.03207398860805425,0.06980566797297398,120
2024-12-01,8,0.6416452289708058,0.052706049430987126,0.2323995618256394,0.016887281163039627,0.0563618786095281,117
2024-12-01,9,0.5868498850398742,0.05756349922739996,0.269420053467172,0.023726205691212907,0.062440356574340855,135
2024-12-01,10,0.5522798983098837,0.05721192151417041,0.3041786147926241,0.017055968058948413,0.06927359732437355,43
2024-12-01,11,0.6101248022064191,0.05453090935353339,0.2536612111099152,0.022752778674716798,0.058930298655415554,108
2024-12-01,12,0.5778199378036976,0.057262451755229864,0.29093441935208203,0.02110481044617916,0.05287838064281145,119
2024-12-01,13,0.5232323913819401,0.05589808088623314,0.33995911377995586,0.01972059060016541,0.06118982335170559,112
2024-12-01,14,0.5673036320265572,0.04981777584915724,0.32007189374461836,0.015779045776956536,0.04702765260271071,196
2024-12-01,15,0.5469558483977621,0.05672574829596408,0.28018634080308696,0.04704635468495006,0.06908570781823678,151
2024-12-01,16,0.5391493355243616,0.06827516128985674,0.2324752420459304,0.06939220025746999,0.09070806088238118,106
2024-12-01,17,0.4797777846244813,0.06675964411076706,0.2878530837439597,0.07026063236432163,0.09534885515647036,146
2024-12-01,18,0.4563160424929583,0.087682193947236,0.23254183109151655,0.12222586443605254,0.10123406803223657,99
2024-12-01,19,0.4922210326369221,0.07488163411274676,0.2425250275326504,0.09544413163661067,0.0949281740810701,113
