resolution,n_clusters,modularity,silhouette,calinski_harabasz,s_dbw,method
0.5,20,0.7998806597146584,0.14700415045880136,642.6066405379164,0.36276210122412217,Cosine
0.5,11,0.7991493855949013,0.1785188136298291,877.2962927462124,0.4096994462049197,Euclidean
0.75,22,0.8097885582093698,0.1590703019162838,694.6091419014496,0.3448948041165084,Cosine
0.75,15,0.8118504477777185,0.1918449696448519,892.9471911846417,0.3683825775926195,Euclidean
1.0,27,0.8129463182984928,0.15032404672038105,677.182951271121,0.3106851213980387,Cosine
1.0,17,0.814023681332355,0.1700955860982474,852.564816920417,0.3476014433983171,Euclidean
1.25,30,0.8128535684702902,0.1555316503036351,698.2185069396909,0.30223000008852763,Cosine
1.25,20,0.814475227164535,0.1635928356611317,879.1001150405796,0.3210433952607307,Euclidean
1.5,33,0.8087887720080424,0.13617628369822207,684.2335696456754,0.29025385288121236,Cosine
1.5,19,0.8139722519099776,0.1784243874269185,914.5988331398604,0.3425150660372683,Euclidean
2.0,36,0.8045810400166633,0.14768984169545046,677.2001169342519,0.2881917339568136,Cosine
2.0,29,0.7993604010456155,0.1140003510111149,623.715927571066,0.2810181643104452,Euclidean
