date,economic_type,n_municipalities,share
2023-01-01,0,191,0.08912739150723285
2023-01-01,1,399,0.18618758749416706
2023-01-01,2,1553,0.7246850209986001
2023-02-01,0,338,0.15787015413358244
2023-02-01,1,469,0.21905651564689396
2023-02-01,2,1334,0.6230733302195236
2023-03-01,0,385,0.1791530944625407
2023-03-01,1,340,0.15821312238250348
2023-03-01,2,1424,0.6626337831549558
2023-04-01,0,340,0.15969938938468764
2023-04-01,1,262,0.1230624706434946
2023-04-01,2,1527,0.7172381399718177
2023-05-01,0,279,0.13154172560113153
2023-05-01,1,270,0.1272984441301273
2023-05-01,2,1572,0.7411598302687411
2023-06-01,0,187,0.0882491741387447
2023-06-01,1,387,0.18263331760264276
2023-06-01,2,1545,0.7291175082586125
2023-07-01,0,409,0.19238005644402634
2023-07-01,1,462,0.21730950141110067
2023-07-01,2,1255,0.590310442144873
2023-08-01,0,478,0.22568460812086874
2023-08-01,1,476,0.2247403210576015
2023-08-01,2,1164,0.5495750708215298
2023-09-01,0,578,0.27406353722143195
2023-09-01,1,505,0.23944997629208156
2023-09-01,2,1026,0.4864864864864865
2023-10-01,0,883,0.4198763670946267
2023-10-01,1,461,0.21921065145030907
2023-10-01,2,759,0.3609129814550642
2023-11-01,0,1195,0.5709507883420927
2023-11-01,1,498,0.23793597706641184
2023-11-01,2,400,0.19111323459149546
2023-12-01,0,995,0.47313361864003806
2023-12-01,1,389,0.1849738468854018
2023-12-01,2,719,0.34189253447456014
2024-01-01,0,942,0.4546332046332046
2024-01-01,1,424,0.20463320463320464
2024-01-01,2,706,0.3407335907335907
2024-02-01,0,1043,0.5019249278152069
2024-02-01,1,481,0.2314725697786333
2024-02-01,2,554,0.2666025024061598
2024-03-01,0,1097,0.5266442630820931
2024-03-01,1,514,0.24675948151704272
2024-03-01,2,472,0.22659625540086414
2024-04-01,0,1243,0.5955917585050311
2024-04-01,1,462,0.22137038811691423
2024-04-01,2,382,0.18303785337805462
2024-05-01,0,1011,0.4848920863309353
2024-05-01,1,501,0.24028776978417266
2024-05-01,2,573,0.27482014388489207
2024-06-01,0,1068,0.5124760076775432
2024-06-01,1,455,0.21833013435700577
2024-06-01,2,561,0.26919385796545103
2024-07-01,0,1105,0.5289612254667305
2024-07-01,1,514,0.24605074198180948
2024-07-01,2,470,0.22498803255146002
2024-08-01,0,1430,0.6829035339063992
2024-08-01,1,499,0.23829990448901622
2024-08-01,2,165,0.07879656160458452
2024-09-01,0,1419,0.6757142857142857
2024-09-01,1,495,0.2357142857142857
2024-09-01,2,186,0.08857142857142856
2024-10-01,0,1397,0.6677820267686424
2024-10-01,1,501,0.23948374760994265
2024-10-01,2,194,0.09273422562141491
2024-11-01,0,1513,0.7204761904761905
2024-11-01,1,536,0.25523809523809526
2024-11-01,2,51,0.024285714285714285
2024-12-01,0,1468,0.6980504041844984
2024-12-01,1,500,0.23775558725630053
2024-12-01,2,135,0.06419400855920114
