date,Диверсифицированный сервисный,Маркетплейсно-ориентированный,Продовольственный
2023-01-01,0.17778814745683622,0.08259449370041998,0.7396173588427438
2023-02-01,0.17094815506772537,0.15787015413358244,0.6711816907986922
2023-03-01,0.1810144253140996,0.2224290367612843,0.596556537924616
2023-04-01,0.1221230624706435,0.14185063410051668,0.7360263034288398
2023-05-01,0.1272984441301273,0.13154172560113153,0.7411598302687411
2023-06-01,0.1264747522416234,0.16422840962718263,0.7092968381311939
2023-07-01,0.21730950141110067,0.1839134524929445,0.5987770460959548
2023-08-01,0.22757318224740322,0.22615675165250235,0.5462700661000944
2023-09-01,0.24039829302987198,0.26078710289236606,0.49881460407776196
2023-10-01,0.21921065145030907,0.42796005706134094,0.35282929148834996
2023-11-01,0.20353559483994266,0.619684663162924,0.1767797419971333
2023-12-01,0.1369472182596291,0.5539705183071802,0.3090822634331907
2024-01-01,0.20463320463320464,0.4058880308880309,0.3894787644787645
2024-02-01,0.23628488931665062,0.5620789220404235,0.2016361886429259
2024-03-01,0.21315410465674509,0.5352856457033125,0.2515602496399424
2024-04-01,0.22137038811691423,0.5232390991854337,0.2553905126976521
2024-05-01,0.2225419664268585,0.47338129496402875,0.3040767386091127
2024-06-01,0.2356046065259117,0.5143953934740882,0.25
2024-07-01,0.25514600287218764,0.5184298707515558,0.22642412637625658
2024-08-01,0.23782234957020057,0.6833810888252149,0.07879656160458452
2024-09-01,0.2357142857142857,0.6757142857142857,0.08857142857142856
2024-10-01,0.23804971319311663,0.6290630975143403,0.13288718929254303
2024-11-01,0.23904761904761904,0.7366666666666667,0.024285714285714285
2024-12-01,0.23680456490727533,0.6990014265335235,0.06419400855920114
