date,economic_type,economic_type_name,n_municipalities,total_municipalities,share
2023-01-01,0,Маркетплейсно-ориентированный,177,2143,0.08259449370041998
2023-01-01,1,Диверсифицированный сервисный,381,2143,0.17778814745683622
2023-01-01,2,Продовольственный,1585,2143,0.7396173588427438
2023-02-01,0,Маркетплейсно-ориентированный,338,2141,0.15787015413358244
2023-02-01,1,Диверсифицированный сервисный,366,2141,0.17094815506772537
2023-02-01,2,Продовольственный,1437,2141,0.6711816907986922
2023-03-01,0,Маркетплейсно-ориентированный,478,2149,0.2224290367612843
2023-03-01,1,Диверсифицированный сервисный,389,2149,0.1810144253140996
2023-03-01,2,Продовольственный,1282,2149,0.596556537924616
2023-04-01,0,Маркетплейсно-ориентированный,302,2129,0.14185063410051668
2023-04-01,1,Диверсифицированный сервисный,260,2129,0.1221230624706435
2023-04-01,2,Продовольственный,1567,2129,0.7360263034288398
2023-05-01,0,Маркетплейсно-ориентированный,279,2121,0.13154172560113153
2023-05-01,1,Диверсифицированный сервисный,270,2121,0.1272984441301273
2023-05-01,2,Продовольственный,1572,2121,0.7411598302687411
2023-06-01,0,Маркетплейсно-ориентированный,348,2119,0.16422840962718263
2023-06-01,1,Диверсифицированный сервисный,268,2119,0.1264747522416234
2023-06-01,2,Продовольственный,1503,2119,0.7092968381311939
2023-07-01,0,Маркетплейсно-ориентированный,391,2126,0.1839134524929445
2023-07-01,1,Диверсифицированный сервисный,462,2126,0.21730950141110067
2023-07-01,2,Продовольственный,1273,2126,0.5987770460959548
2023-08-01,0,Маркетплейсно-ориентированный,479,2118,0.22615675165250235
2023-08-01,1,Диверсифицированный сервисный,482,2118,0.22757318224740322
2023-08-01,2,Продовольственный,1157,2118,0.5462700661000944
2023-09-01,0,Маркетплейсно-ориентированный,550,2109,0.26078710289236606
2023-09-01,1,Диверсифицированный сервисный,507,2109,0.24039829302987198
2023-09-01,2,Продовольственный,1052,2109,0.49881460407776196
2023-10-01,0,Маркетплейсно-ориентированный,900,2103,0.42796005706134094
2023-10-01,1,Диверсифицированный сервисный,461,2103,0.21921065145030907
2023-10-01,2,Продовольственный,742,2103,0.35282929148834996
2023-11-01,0,Маркетплейсно-ориентированный,1297,2093,0.619684663162924
2023-11-01,1,Диверсифицированный сервисный,426,2093,0.20353559483994266
2023-11-01,2,Продовольственный,370,2093,0.1767797419971333
2023-12-01,0,Маркетплейсно-ориентированный,1165,2103,0.5539705183071802
2023-12-01,1,Диверсифицированный сервисный,288,2103,0.1369472182596291
2023-12-01,2,Продовольственный,650,2103,0.3090822634331907
2024-01-01,0,Маркетплейсно-ориентированный,841,2072,0.4058880308880309
2024-01-01,1,Диверсифицированный сервисный,424,2072,0.20463320463320464
2024-01-01,2,Продовольственный,807,2072,0.3894787644787645
2024-02-01,0,Маркетплейсно-ориентированный,1168,2078,0.5620789220404235
2024-02-01,1,Диверсифицированный сервисный,491,2078,0.23628488931665062
2024-02-01,2,Продовольственный,419,2078,0.2016361886429259
2024-03-01,0,Маркетплейсно-ориентированный,1115,2083,0.5352856457033125
2024-03-01,1,Диверсифицированный сервисный,444,2083,0.21315410465674509
2024-03-01,2,Продовольственный,524,2083,0.2515602496399424
2024-04-01,0,Маркетплейсно-ориентированный,1092,2087,0.5232390991854337
2024-04-01,1,Диверсифицированный сервисный,462,2087,0.22137038811691423
2024-04-01,2,Продовольственный,533,2087,0.2553905126976521
2024-05-01,0,Маркетплейсно-ориентированный,987,2085,0.47338129496402875
2024-05-01,1,Диверсифицированный сервисный,464,2085,0.2225419664268585
2024-05-01,2,Продовольственный,634,2085,0.3040767386091127
2024-06-01,0,Маркетплейсно-ориентированный,1072,2084,0.5143953934740882
2024-06-01,1,Диверсифицированный сервисный,491,2084,0.2356046065259117
2024-06-01,2,Продовольственный,521,2084,0.25
2024-07-01,0,Маркетплейсно-ориентированный,1083,2089,0.5184298707515558
2024-07-01,1,Диверсифицированный сервисный,533,2089,0.25514600287218764
2024-07-01,2,Продовольственный,473,2089,0.22642412637625658
2024-08-01,0,Маркетплейсно-ориентированный,1431,2094,0.6833810888252149
2024-08-01,1,Диверсифицированный сервисный,498,2094,0.23782234957020057
2024-08-01,2,Продовольственный,165,2094,0.07879656160458452
2024-09-01,0,Маркетплейсно-ориентированный,1419,2100,0.6757142857142857
2024-09-01,1,Диверсифицированный сервисный,495,2100,0.2357142857142857
2024-09-01,2,Продовольственный,186,2100,0.08857142857142856
2024-10-01,0,Маркетплейсно-ориентированный,1316,2092,0.6290630975143403
2024-10-01,1,Диверсифицированный сервисный,498,2092,0.23804971319311663
2024-10-01,2,Продовольственный,278,2092,0.13288718929254303
2024-11-01,0,Маркетплейсно-ориентированный,1547,2100,0.7366666666666667
2024-11-01,1,Диверсифицированный сервисный,502,2100,0.23904761904761904
2024-11-01,2,Продовольственный,51,2100,0.024285714285714285
2024-12-01,0,Маркетплейсно-ориентированный,1470,2103,0.6990014265335235
2024-12-01,1,Диверсифицированный сервисный,498,2103,0.23680456490727533
2024-12-01,2,Продовольственный,135,2103,0.06419400855920114
